first_name,last_name,street,local_gov,email,phone_no,gender,last_update
Edith,Grafom,5411 Hansons Alley,Bridel,egrafom0@geocities.jp,(223) 9404176,Female,13-04-2024
Astrix,Buttress,9 Becker Junction,Little Rock,abuttress1@1und1.de,(501) 5664828,Female,14-03-2024
Aubrie,Alvy,13 Ludington Road,Kowale,aalvy2@aol.com,(891) 7395541,Female,06-01-2023
Nataniel,Sauven,5 Blaine Drive,Orly aérogare,,(548) 9214125,Male,13-04-2023
Lu,Arkil,7 Aberg Crossing,Pende,larkil4@multiply.com,(815) 5625138,Female,30-10-2023
Horacio,Kamena,,Molagavita,hkamena5@istockphoto.com,(280) 2157559,Male,02-12-2023
Spencer,Banat,8 Cardinal Terrace,Sandao,sbanat6@chron.com,(538) 1226706,Male,12-02-2023
Joscelin,Clissold,6 Colorado Way,Wahai,jclissold7@youtube.com,(744) 1823008,Female,06-02-2024
Kimberlee,Feyer,9766 Florence Center,Ban Phan Don,kfeyer8@ebay.com,(966) 3204717,Female,17-12-2023
Cristy,Lambillion,11748 Knutson Hill,Matsutō,clambillion9@wikipedia.org,(430) 6247314,Female,05-07-2023
Obed,Basterfield,637 Continental Park,Dolna Banya,obasterfielda@reuters.com,(347) 1084262,Male,07-02-2023
Damara,Rahlof,6559 Green Ridge Alley,Xianchiyu,drahlofb@cnbc.com,(693) 5125601,Female,02-05-2023
Anatollo,Alekseev,42 Forest Dale Road,Lingtou,aalekseevc@economist.com,(598) 8354547,Male,01-02-2024
Raleigh,Daniell,0931 Acker Crossing,Anserma,rdanielld@tumblr.com,(874) 2334662,Male,31-10-2023
Rem,Brashaw,95 Springview Trail,Sławoborze,rbrashawe@loc.gov,(994) 3107288,Male,24-03-2023
Gerda,Walker,0 Rieder Junction,,gwalkerf@ft.com,(716) 9478160,Female,26-09-2023
Mollee,Nel,6504 1st Circle,Madalena,mnelg@cbsnews.com,(359) 9286261,Female,01-09-2023
Philippa,Nuscha,08 Fairview Hill,Kunsan,pnuschah@goodreads.com,(800) 8348688,Female,23-04-2023
Feodora,Crolly,76 Mallory Avenue,Guniushan,fcrollyi@marketwatch.com,(549) 7706988,Female,26-05-2023
Brit,Orriss,29 Lotheville Terrace,Huangli,borrissj@gnu.org,(395) 9750278,Male,19-05-2023
Krystle,Meran,8886 Merchant Crossing,Roliça,kmerank@ameblo.jp,(456) 6894324,Female,19-09-2023
Griz,Dwelley,1 Buena Vista Junction,Nantes,gdwelleyl@whitehouse.gov,(477) 9895815,Male,13-04-2024
Cedric,Vaulkhard,937 Kensington Trail,Rāwandūz,cvaulkhardm@liveinternet.ru,(862) 5751446,Male,14-06-2023
Peria,Batrip,,Zhireken,pbatripn@tumblr.com,(328) 6133707,Female,30-03-2023
Haven,Leisk,29 Prairieview Court,New Orleans,hleisko@wufoo.com,(504) 2006815,Male,31-01-2023
Sallyann,Pittendreigh,,Lensk,spittendreighp@google.com.hk,(997) 7174853,Female,21-12-2023
Stewart,Rammell,3720 American Ash Parkway,Smilavichy,srammellq@wordpress.com,(306) 7806043,Male,11-10-2023
Phylis,Bettleson,2032 Briar Crest Drive,Łęki,pbettlesonr@vk.com,(354) 4812861,Female,28-07-2023
Gram,Towhey,8247 Riverside Lane,Yangon,gtowheys@yahoo.com,(870) 3164673,Male,10-03-2024
Doroteya,Armatidge,49 Sage Center,Longvic,darmatidget@newyorker.com,(611) 2143912,Female,15-02-2024
Andy,Tackett,324 Prairie Rose Park,Tumxuk,atackettu@cbslocal.com,(508) 6834116,Female,08-01-2023
Lilla,Hupka,29181 Dorton Point,Jönköping,lhupkav@barnesandnoble.com,(420) 6369252,Female,20-05-2023
Rebe,Hankins,2 Basil Trail,Gīdolē,rhankinsw@rambler.ru,(161) 1144352,Female,20-01-2024
Adriena,Dymock,6569 Kenwood Court,Mawu,adymockx@ibm.com,(219) 4421756,Female,12-06-2023
Dacia,Inglis,60 Warbler Trail,Veracruz,dinglisy@feedburner.com,(670) 5847124,Female,15-02-2024
Abramo,Schachter,9 Dayton Road,Seiça,aschachterz@youtu.be,(278) 8632071,Male,16-01-2024
Brnaba,Kelsall,65456 Fulton Court,Münster,bkelsall10@thetimes.co.uk,(108) 3669567,Male,01-06-2023
Pascale,Dundendale,25 Claremont Avenue,Karangsuko,pdundendale11@ask.com,(677) 3057676,Male,23-04-2023
Horatius,Deval,60103 Superior Avenue,Aozou,hdeval12@berkeley.edu,(863) 7411987,Male,12-01-2023
Isabeau,Pester,52913 Packers Junction,Kilju,ipester13@odnoklassniki.ru,(555) 1026982,Female,31-10-2023
Willis,Kirwin,,Parral,wkirwin14@dailymail.co.uk,(320) 6667381,Male,18-10-2023
Zondra,Giovannacci,9357 Sommers Plaza,Bang Len,zgiovannacci15@princeton.edu,(743) 5584852,Female,04-07-2023
Robbin,Gammell,70 Dottie Drive,Del Monte,rgammell16@statcounter.com,(686) 8399911,Female,05-05-2024
Mikel,Showalter,5 Evergreen Junction,Wang Noi,mshowalter17@ft.com,(778) 5276771,Male,26-04-2024
Gwen,Rotge,2 Tony Park,Málaga,,(919) 8760230,Female,16-10-2023
Gunar,Jillard,51096 Utah Junction,Oton,gjillard19@hibu.com,(502) 5438085,Male,06-04-2024
Michell,Crosfeld,55411 Vernon Alley,Kachia,mcrosfeld1a@wunderground.com,(397) 3747740,Female,12-09-2023
Jacinthe,Odcroft,52 Reinke Circle,Sandviken,jodcroft1b@latimes.com,(389) 2859207,Female,07-06-2023
Arabella,Gianolini,5 Golden Leaf Point,Sabang,agianolini1c@linkedin.com,(621) 2122120,Female,26-01-2023
Demetrius,Fishburn,174 Main Lane,Đắk Mil,dfishburn1d@omniture.com,(825) 1755605,Male,18-01-2023
Anastasie,Eye,5 Dryden Place,Hanamaki,aeye1e@tripadvisor.com,(637) 8660185,Female,11-05-2023
Cad,Tomaszek,1 Del Sol Avenue,Paulínia,ctomaszek1f@irs.gov,(171) 1164120,Male,30-04-2024
Abbe,Saile,204 Drewry Place,Kaputian,asaile1g@360.cn,(533) 6515036,Male,12-07-2023
Norrie,Posnette,97931 Pepper Wood Way,Matelândia,nposnette1h@cloudflare.com,(214) 4603474,Male,30-01-2023
Laird,Seabert,25 Dryden Way,Tarbes,lseabert1i@irs.gov,(583) 7354740,Male,27-10-2023
Valentino,Beamish,793 Macpherson Center,Kālābāgh,vbeamish1j@vimeo.com,(291) 2240649,Male,26-06-2023
Brigit,Welford,4 Evergreen Plaza,Pho Si Suwan,bwelford1k@senate.gov,(765) 5187985,Female,01-02-2023
Ronda,Leathlay,22685 Arrowood Point,Askim,rleathlay1l@msu.edu,(228) 7972105,Female,22-03-2024
Gelya,Howselee,8005 Atwood Way,Al ‘Azīzīyah,ghowselee1m@google.co.jp,(895) 9723841,Female,11-07-2023
Heath,Pendergrast,7 Forster Parkway,Mem Martins,hpendergrast1n@seattletimes.com,(561) 1520706,Male,29-10-2023
Juan,Darton,6744 Clarendon Avenue,Jingyang,jdarton1o@xinhuanet.com,(352) 7914297,Male,07-12-2023
Bevan,Touhig,97 Homewood Court,Gereykhanovskoye,btouhig1p@newyorker.com,(510) 6119534,Male,07-07-2023
Elga,Bashford,09 Nelson Trail,Panchagarh,ebashford1q@bing.com,(102) 2446890,Female,22-02-2023
Florrie,Oakly,0883 Muir Center,Châteauroux,foakly1r@nature.com,(943) 8473306,Female,02-11-2023
Lonnard,Phelipeaux,1 Kennedy Pass,Sadov,lphelipeaux1s@sina.com.cn,(404) 7829349,Male,30-03-2024
Brook,Scheu,72 Oak Hill,Orvalho,bscheu1t@stanford.edu,(400) 5149965,Male,07-12-2023
Joby,Benck,28 Hollow Ridge Avenue,Ra-ngae,jbenck1u@t-online.de,(818) 6341122,Female,21-08-2023
Noland,Shaul,2 Kinsman Center,Sabhā,nshaul1v@dailymail.co.uk,(904) 2568293,Male,17-05-2023
Mischa,Rutland,874 Mandrake Circle,Mazongshan,mrutland1w@woothemes.com,(356) 8159782,Male,07-05-2023
Guthrey,Antonikov,22530 Superior Circle,Yélimané,gantonikov1x@newsvine.com,(561) 6029634,Male,09-09-2023
Kristo,Elecum,1 Hooker Hill,Rongwo,kelecum1y@foxnews.com,(444) 4829392,Male,09-12-2023
Damien,Arrandale,09522 Utah Alley,Bitica,darrandale1z@spiegel.de,(908) 9185136,Male,22-05-2024
Luisa,Cawthera,11019 Gulseth Circle,,lcawthera20@hexun.com,(311) 8063352,Female,05-06-2023
Binnie,Adnet,2 Northridge Trail,Corralillo,badnet21@list-manage.com,(608) 9521176,Female,27-03-2024
Eadmund,Kernes,2531 Eastwood Plaza,Calangain,ekernes22@theatlantic.com,(853) 1355571,Male,11-09-2023
Catlin,Scoular,08759 Jana Crossing,Valdemārpils,cscoular23@cbsnews.com,(787) 6970687,Female,13-12-2023
Hynda,Aldwinckle,94 Jenna Alley,Odienné,haldwinckle24@pbs.org,(684) 4184539,Female,14-06-2023
Fred,Shankland,66983 Derek Lane,Kabuynan,fshankland25@clickbank.net,(410) 8513751,Male,30-01-2023
Kerrill,Oleszcuk,6550 Maryland Point,Lila,koleszcuk26@fda.gov,(116) 2370913,Female,19-04-2024
Batsheva,Todarini,32311 Granby Trail,Linoan,btodarini27@patch.com,(807) 4981241,Female,28-03-2024
Siouxie,Blaskett,59269 John Wall Alley,Yiyang,sblaskett28@cnbc.com,(343) 6945130,Female,18-01-2024
Chloette,Jonczyk,97625 Esker Court,Lunenburg,cjonczyk29@sfgate.com,(821) 7115834,Female,09-09-2023
Pearle,Trittam,74358 Pankratz Parkway,Tash-Kumyr,ptrittam2a@sciencedaily.com,(776) 2218811,Female,01-10-2023
Elton,Plampeyn,6074 Nova Plaza,Costa Rica,eplampeyn2b@ucla.edu,(891) 7405793,Male,13-01-2024
Galvan,Jean,95 Hazelcrest Place,Nangkaruka,gjean2c@friendfeed.com,(652) 7848069,Male,18-07-2023
Elonore,Fussie,01 Morning Way,Gexi,efussie2d@china.com.cn,(333) 4892377,Female,30-03-2024
Lorena,Patington,,Lieqiao,,(788) 4291156,Female,09-02-2023
Byrle,Freyne,19 Bluestem Alley,Kota Kinabalu,bfreyne2f@archive.org,(448) 1775525,Male,30-01-2024
Micaela,Nevinson,74581 Hooker Street,Caleufú,mnevinson2g@marriott.com,(186) 2774799,Female,24-08-2023
Kiersten,Thomsen,3 Hanover Hill,Risālpur,kthomsen2h@wordpress.com,(645) 2261183,Female,09-02-2023
Arvy,Pownall,672 Paget Point,Muheza,,(609) 5189633,Male,27-11-2023
Barri,Picheford,8 Bluejay Road,Mikuni,bpicheford2j@github.com,(391) 8707862,Male,16-02-2024
Henriette,Baudon,94 Hintze Avenue,Mórrope,hbaudon2k@wired.com,(719) 6641986,Female,09-02-2024
Kathryne,Vamplers,26 Anhalt Pass,Paris 07,kvamplers2l@berkeley.edu,(395) 2194087,Female,27-11-2023
Morly,Joppich,7 Moose Crossing,Jenesano,mjoppich2m@fda.gov,(184) 5429131,Male,30-01-2023
Carling,Dict,32898 Maple Wood Plaza,Tianchi,cdict2n@cafepress.com,(781) 9209864,Male,01-03-2024
Allister,Chetwind,30 Bluejay Parkway,Yangji,achetwind2o@51.la,(805) 9087010,Male,10-02-2023
Alwyn,Laflin,493 Grim Lane,Regulice,alaflin2p@reference.com,(831) 4759352,Male,27-06-2023
Iggie,Manilow,80 Menomonie Point,Phak Hai,imanilow2q@home.pl,(462) 3184557,Male,16-08-2023
Ermin,Snewin,45688 Reinke Way,Shanguang,esnewin2r@howstuffworks.com,(888) 6554137,Male,20-06-2023
Jerrie,Hampshire,1 Maywood Place,Costa Rica,jhampshire2s@sohu.com,(915) 7865097,Female,30-04-2023
Guy,Garth,5 Bellgrove Pass,Tala,ggarth2t@so-net.ne.jp,(169) 9271702,Male,27-01-2023
Lorelei,Sanderson,8 Merrick Drive,Azua,lsanderson2u@wp.com,(625) 7271574,Female,10-07-2023
Ward,Wilby,56081 Bunker Hill Junction,Fada,wwilby2v@hao123.com,(153) 5620335,Male,10-05-2023
Guendolen,Dorricott,38 Ronald Regan Street,Tataouine,gdorricott2w@xinhuanet.com,(342) 6758513,Female,29-10-2023
Dennie,Justham,32 Brown Center,Port Colborne,djustham2x@buzzfeed.com,(696) 9520768,Female,04-04-2023
Bearnard,Dowsey,4 Springview Road,Ampara,bdowsey2y@nifty.com,(238) 5167443,Male,19-04-2023
Ortensia,Potter,774 East Crossing,Loncoche,opotter2z@gmpg.org,(915) 3428283,Female,07-02-2024
Kaela,Baison,7051 Drewry Point,,kbaison30@dell.com,(931) 9919835,Female,18-10-2023
Windy,Gelly,049 Barby Hill,Jutaí,wgelly31@flickr.com,(540) 5724400,Female,24-12-2023
Rudolph,Dunphie,,Ya’erya,rdunphie32@amazon.com,(472) 4543206,Male,11-01-2023
Everard,Merrydew,,Arujá,emerrydew33@vinaora.com,(967) 9219372,Male,28-07-2023
Lew,Ropp,1527 Debs Lane,Chur,lropp34@phpbb.com,(227) 4769290,Male,17-04-2024
Amandie,Avann,537 Washington Avenue,Mabuttal East,aavann35@istockphoto.com,(730) 5420719,Female,19-03-2023
Marylin,Gutowska,28260 Dapin Trail,Bunisari,mgutowska36@upenn.edu,(512) 7370251,Female,21-02-2023
Maurits,Bruckshaw,2201 Prairieview Junction,Zelenogorsk,mbruckshaw37@prweb.com,(350) 1588590,Male,13-08-2023
Joete,Arnaldo,109 Thompson Road,Radeče,jarnaldo38@lulu.com,(272) 5008112,Female,19-01-2023
Sim,Blenkin,53583 Shelley Junction,Hirara,sblenkin39@state.gov,(411) 5320408,Male,13-07-2023
Tamar,Wasbrough,,Waldbredimus,twasbrough3a@360.cn,(842) 6226582,Female,22-12-2023
Bendite,Dupey,93123 Hollow Ridge Junction,Jinchuan,,(776) 4228399,Female,28-10-2023
Reider,Errichi,91 Westerfield Center,Liperi,rerrichi3c@redcross.org,(163) 6427594,Male,24-04-2023
Damaris,Yeude,0651 Merry Road,Savigny-le-Temple,dyeude3d@discuz.net,(564) 9553570,Female,12-08-2023
Karlotte,Sealy,81 Londonderry Pass,Karangwungu Lor,ksealy3e@infoseek.co.jp,(441) 6570153,Female,22-09-2023
Stacia,Bourhill,35 Esker Court,Yilan,sbourhill3f@rakuten.co.jp,(181) 8110066,Female,16-05-2023
Ardith,Bilfoot,6 Monica Center,Guandian,abilfoot3g@boston.com,(274) 8317940,Female,17-04-2023
Nevin,Simeon,8117 Warner Center,Cijeungjing Kaler,nsimeon3h@nydailynews.com,(598) 3519891,Male,12-03-2024
Winni,Dubose,73087 Manufacturers Center,Listvyanskiy,wdubose3i@whitehouse.gov,(178) 7578457,Female,06-02-2023
Gerik,Bramo,796 Waubesa Park,Jihuluntu Sumu,gbramo3j@disqus.com,(793) 7956794,Male,22-02-2024
Anthiathia,Milsap,6717 Monument Parkway,Nong Ki,amilsap3k@com.com,(166) 2955373,Female,15-12-2023
Evangeline,Mohan,,Rentian,emohan3l@vk.com,(215) 1633760,Female,14-05-2023
Cathy,Munsey,123 Kropf Avenue,Žleby,,(379) 3606534,Female,13-06-2023
Nathanael,Oakeshott,8 Grover Drive,Feričanci,noakeshott3n@jimdo.com,(297) 7751792,Male,21-02-2023
Gracie,Chittie,4772 Monterey Lane,Belo Blato,,(935) 9648783,Female,23-09-2023
Bari,Shotboulte,660 Stang Junction,Birštonas,bshotboulte3p@hud.gov,(256) 1381828,Female,08-01-2024
Cosimo,Bess,,Lugo,cbess3q@examiner.com,(624) 5936423,Male,11-03-2024
Eudora,Caddock,17 Meadow Vale Trail,Ngandangan,,(835) 1948287,Female,13-06-2023
Didi,Oakenford,89947 Reinke Pass,Biharamulo,doakenford3s@google.co.uk,(774) 8607514,Female,13-07-2023
Katherine,Rowcliffe,393 Cherokee Junction,Gorzów Wielkopolski,krowcliffe3t@furl.net,(403) 5357484,Female,19-02-2024
Cale,Milliere,687 Eliot Court,Douz,cmilliere3u@fotki.com,(262) 5159659,Male,17-07-2023
Thomas,Whopples,01 Boyd Park,Balaoang,twhopples3v@hhs.gov,(330) 3946876,Male,03-05-2023
Candace,Quinnelly,02 Moulton Street,Carusucan,cquinnelly3w@intel.com,(219) 4403741,Female,20-04-2023
Sergeant,Bizzey,12 Judy Hill,Al Minyā,sbizzey3x@cocolog-nifty.com,(928) 4542026,Male,20-01-2024
Packston,Goulding,,Swords,pgoulding3y@furl.net,(935) 3954132,Male,05-06-2023
Jeanne,Salvatore,,Canoas,,(983) 6248079,Female,24-12-2023
Sibbie,Rance,,Castlepollard,srance40@tripadvisor.com,(543) 9919862,Female,26-12-2023
Sheff,Winspar,566 Northland Place,Dao,swinspar41@imageshack.us,(487) 1707159,Male,26-06-2023
Tomas,Veivers,6324 Sutherland Crossing,Denver,tveivers42@unicef.org,(303) 4546903,Male,22-05-2024
Barb,Welbourn,77 Pankratz Plaza,Vyritsa,bwelbourn43@jigsy.com,(656) 4742170,Female,11-03-2024
Alene,Stealey,840 Moland Crossing,Barra Velha,astealey44@360.cn,(145) 3118607,Female,10-03-2024
Benyamin,Sarfas,48 Blackbird Junction,Lobanovo,bsarfas45@pagesperso-orange.fr,(437) 8878834,Male,02-06-2023
Tildy,Waller-Bridge,499 Johnson Pass,Linhares,twallerbridge46@weebly.com,(368) 8095860,Female,19-04-2024
Malanie,Staveley,631 Morningstar Park,San Patricio,,(711) 2806861,Female,01-09-2023
Sigfrid,Schiell,4 Hermina Avenue,Shirbīn,sschiell48@census.gov,(812) 3158273,Male,23-09-2023
Casandra,Larchier,676 Algoma Hill,Cegłów,clarchier49@e-recht24.de,(129) 7239578,Female,13-09-2023
Skyler,Josh,25 Carioca Park,Navegantes,sjosh4a@hugedomains.com,(860) 7723212,Male,25-10-2023
Evey,Kidby,3 Beilfuss Circle,Hondo Valle,ekidby4b@ucoz.com,(400) 6408590,Female,16-01-2023
Rock,Jacques,568 Westerfield Parkway,Znomenka,rjacques4c@shop-pro.jp,(168) 2381287,Male,25-03-2023
Katusha,Blondelle,261 Schmedeman Pass,Quimper,kblondelle4d@timesonline.co.uk,(488) 5229946,Female,15-04-2023
Hulda,Bulmer,548 Rusk Parkway,Olleros,hbulmer4e@mashable.com,(865) 4831529,Female,15-10-2023
Lizabeth,McCrachen,,Vilya,lmccrachen4f@blogs.com,(165) 2150696,Female,17-04-2023
Dorian,Canadine,78186 Lunder Hill,Shishan,dcanadine4g@arstechnica.com,(770) 6403281,Female,23-03-2023
Addy,Saura,4 Glendale Circle,Żyrardów,,(665) 1914264,Male,01-03-2024
Fiann,Maudsley,290 West Place,Seattle,fmaudsley4i@umich.edu,(360) 4737961,Female,29-05-2024
Milton,Bown,2 Sloan Place,Dédougou,mbown4j@blogtalkradio.com,(144) 9328599,Male,12-08-2023
Charita,Tumasian,97800 Southridge Street,,ctumasian4k@sitemeter.com,(864) 2924906,Female,02-04-2024
Damaris,Mabson,,,dmabson4l@over-blog.com,(311) 8208952,Female,13-11-2023
Kingston,Vanacci,86 Bluejay Circle,Huangbei,kvanacci4m@cam.ac.uk,(808) 8194789,Male,08-07-2023
Jonell,Datte,4 Meadow Valley Street,Hollola,jdatte4n@indiegogo.com,(182) 3866553,Female,15-07-2023
Anita,Paule,32391 Farwell Drive,Garko,apaule4o@typepad.com,(479) 5454935,Female,10-11-2023
Codie,Murrhaupt,783 Milwaukee Circle,Tocok,cmurrhaupt4p@npr.org,(744) 2849260,Male,11-04-2024
Ivie,Angrave,,Kanginan,iangrave4q@ycombinator.com,(740) 5548067,Female,24-12-2023
Gan,Ewart,95369 Merry Way,Marisol,gewart4r@disqus.com,(852) 4492061,Male,30-08-2023
Deborah,Ardy,44 Sycamore Parkway,Gornje Živinice,dardy4s@paginegialle.it,(220) 8426726,Female,19-12-2023
Keven,Jessard,4 Dawn Center,Taphan Hin,kjessard4t@usnews.com,(785) 9204532,Male,02-03-2023
Amby,Archdeacon,81423 Monument Trail,Ntoroko,aarchdeacon4u@cdc.gov,(854) 8502362,Male,17-01-2023
Aldrich,Jowle,539 Kennedy Lane,Longquan,ajowle4v@surveymonkey.com,(182) 6723306,Male,02-09-2023
Angelina,Goning,404 Mockingbird Terrace,Eséka,agoning4w@ovh.net,(867) 9384526,Female,16-02-2023
Duff,Blandamere,612 Hansons Way,Bolhos,dblandamere4x@fema.gov,(253) 6352894,Male,15-03-2023
Nealon,Webburn,95 Waubesa Plaza,Dërmënas,nwebburn4y@blog.com,(124) 8986371,Male,28-03-2024
Jilleen,Leydon,89494 Parkside Park,Cortiços,jleydon4z@studiopress.com,(557) 9271678,Female,17-01-2023
Jonathon,Muckle,924 Susan Parkway,Charlotte,jmuckle50@ycombinator.com,(704) 7138988,Male,04-03-2023
Meriel,Whettleton,533 Barnett Alley,Helong,mwhettleton51@google.com.au,(481) 2855870,Female,09-03-2024
Mickie,Perkin,0 Lyons Center,Xiakou,mperkin52@mail.ru,(688) 7381186,Male,25-03-2023
Kettie,Jahncke,4 Larry Park,Niška Banja,kjahncke53@tinypic.com,(231) 3205230,Female,12-09-2023
Cobby,Southcombe,75819 Sachs Trail,Marmande,csouthcombe54@w3.org,(980) 7330736,Male,27-01-2023
Margy,Leeson,84 Linden Plaza,Nova Russas,mleeson55@ebay.co.uk,(462) 9398497,Female,18-04-2024
Shawn,Pursey,90 Canary Junction,Fengcheng,spursey56@washington.edu,(446) 9167163,Male,22-08-2023
Margarete,Gosson,4 Straubel Hill,Duqiong,mgosson57@tinyurl.com,(123) 7267028,Female,24-01-2023
Scarlet,Braunter,525 Golden Leaf Park,Rio Verde de Mato Grosso,,(755) 7788261,Female,27-01-2024
Isis,Macci,5 Waywood Avenue,Huaqiao,imacci59@ucla.edu,(634) 4610100,Female,18-11-2023
Josefa,Grammer,839 Hayes Point,Phatthalung,jgrammer5a@ehow.com,(392) 5487241,Female,27-04-2023
Mindy,Leindecker,16 Hauk Parkway,Lubień,mleindecker5b@sun.com,(639) 9965831,Female,16-03-2024
Olvan,Mellodey,7019 Maple Wood Park,Kokologo,omellodey5c@opera.com,(842) 6277359,Male,20-01-2024
Hedi,Lyven,908 Holmberg Drive,Mělník,hlyven5d@census.gov,(247) 6680479,Female,08-12-2023
Larry,Bussy,6 Oxford Crossing,Zhongshan,lbussy5e@friendfeed.com,(455) 9584616,Male,27-05-2023
Holden,Tudgay,36 Thackeray Pass,Cileles,htudgay5f@un.org,(531) 3635623,Male,07-05-2024
Karalynn,Momford,85 Cherokee Terrace,Cafayate,kmomford5g@amazon.com,(989) 5804629,Female,25-02-2024
Iorgo,Cullen,21291 Moulton Circle,Ayía Triás,icullen5h@wikia.com,(948) 9884074,Male,23-01-2024
Jazmin,Krolman,1013 Darwin Lane,Tuchlovice,jkrolman5i@domainmarket.com,(434) 5371562,Female,07-05-2024
Edgardo,Ordish,703 Melrose Alley,Shuangnian,eordish5j@ycombinator.com,(422) 2443469,Male,03-10-2023
Vernor,Headley,,Yumendong,vheadley5k@homestead.com,(673) 1584329,Male,29-06-2023
Jonell,Heifer,264 Sullivan Parkway,Beaumont,jheifer5l@infoseek.co.jp,(815) 4019161,Female,17-05-2024
Virgilio,Carous,917 Browning Road,Hastings,vcarous5m@cafepress.com,(245) 9781150,Male,26-01-2024
Lynda,Narraway,55 Northport Court,Kanada,lnarraway5n@last.fm,(278) 6098739,Female,09-05-2024
Marianna,Backhouse,24 Florence Road,Granica,mbackhouse5o@google.com.br,(854) 1540928,Female,30-07-2023
Edouard,Hawney,6 Westerfield Drive,San Francisco,ehawney5p@amazon.com,(825) 3223722,Male,01-04-2023
Ianthe,Ellins,8047 Forest Dale Place,Edinburgh of the Seven Seas,iellins5q@homestead.com,(112) 3535685,Female,23-06-2023
Jobina,Beautyman,675 Beilfuss Avenue,San Isidro,,(789) 1793894,Female,25-01-2024
Jesse,Gaskell,273 Grim Avenue,Francisco I Madero,jgaskell5s@icq.com,(863) 7078207,Female,07-10-2023
Carter,Suggett,4154 Moulton Hill,,csuggett5t@google.fr,(248) 9880508,Male,04-10-2023
Rock,Olczyk,256 Eastwood Pass,Urbiztondo,rolczyk5u@skype.com,(264) 3553613,Male,19-07-2023
Sinclair,Maplestone,88 Saint Paul Trail,Sovetskoye,smaplestone5v@newsvine.com,(313) 4865503,Male,30-04-2023
Damian,Guarnier,130 Shopko Alley,Katsuura,dguarnier5w@pagesperso-orange.fr,(967) 6809526,Male,20-06-2023
Georgette,Hellmer,840 Elmside Pass,Atlanta,ghellmer5x@ovh.net,(404) 6443171,Female,19-09-2023
Dion,Worpole,4 Fairfield Pass,Honolulu,dworpole5y@cisco.com,(808) 7918574,Female,12-08-2023
Elena,Gadeaux,52909 Bellgrove Road,,egadeaux5z@fda.gov,(134) 8295915,Female,22-10-2023
Hester,Hambleton,0275 Union Point,Kalembutillu,hhambleton60@yelp.com,(594) 6856159,Female,14-03-2023
Teddi,O'Dunneen,02790 1st Terrace,Baiyashi,todunneen61@shareasale.com,(672) 4488363,Female,14-01-2023
Nigel,Peres,40 Pepper Wood Place,Kaeng Khro,nperes62@oakley.com,(741) 2085037,Male,31-07-2023
Tanner,O'Hallagan,48 Northridge Pass,,tohallagan63@wsj.com,(200) 3507692,Male,31-01-2024
Nate,Ickeringill,4 6th Drive,Rila,nickeringill64@shop-pro.jp,(222) 9166830,Male,03-04-2023
Thorpe,Mayfield,37 Clarendon Drive,,tmayfield65@scientificamerican.com,(468) 1068838,Male,27-05-2023
Ianthe,Densey,64789 Utah Lane,Xijiao,idensey66@nationalgeographic.com,(910) 1373937,Female,18-03-2023
Theda,Belden,5 Darwin Way,Lilio,tbelden67@php.net,(315) 3925438,Female,18-05-2023
Rowland,Meriel,18 4th Alley,Motygino,rmeriel68@deliciousdays.com,(760) 1420113,Male,25-03-2023
Demetri,Blacksland,33 American Ash Trail,Huangzhuang,dblacksland69@ning.com,(283) 7978345,Male,16-02-2024
Kaia,Jezard,64046 Green Ridge Alley,Kaffrine,,(179) 6092069,Female,25-04-2024
Florry,Windows,4 Ridgeview Circle,Muaralabuh,fwindows6b@instagram.com,(108) 3323096,Female,14-12-2023
Carol,Adds,1 Garrison Crossing,Filipowice,cadds6c@diigo.com,(682) 7302644,Female,12-07-2023
Helaina,Kynvin,1492 Ramsey Drive,Jatiklampok,hkynvin6d@blogs.com,(796) 9850011,Female,06-01-2024
Willa,Franzetti,60291 Cottonwood Alley,Kibuku,wfranzetti6e@meetup.com,(713) 2652855,Female,12-10-2023
Britt,Broxis,9707 Maywood Park,Yuxarı Aran,bbroxis6f@spiegel.de,(141) 3786591,Male,21-11-2023
Moe,Guilliatt,0 John Wall Pass,Igbo-Ukwu,mguilliatt6g@topsy.com,(478) 4606558,Male,10-12-2023
Royal,Glassman,6844 Esch Place,Njurunda,,(609) 5866453,Male,15-04-2024
Barbara-anne,Lafflin,20669 Dapin Way,Aimadamodo,blafflin6i@xrea.com,(517) 6939784,Female,04-02-2023
Terry,Lynagh,222 Hansons Junction,Katsina-Ala,tlynagh6j@reverbnation.com,(593) 5761049,Female,20-12-2023
Jenny,Dosdell,45 Dennis Road,Gualeguay,jdosdell6k@usatoday.com,(356) 4073425,Female,26-11-2023
Hettie,Dyett,095 Grasskamp Center,Kāmyārān,hdyett6l@mlb.com,(542) 5234178,Female,03-02-2024
Angeli,Pollicatt,56850 Thompson Avenue,Kawangu Satu,apollicatt6m@is.gd,(677) 6843015,Male,11-03-2024
Dru,Neem,46 Washington Parkway,Langtad,,(584) 5341080,Female,19-02-2023
Nesta,Upson,601 Eliot Terrace,Vyshniy Volochëk,nupson6o@washington.edu,(872) 2258634,Female,02-06-2023
Joel,Lacaze,1984 Spaight Pass,Sanom,jlacaze6p@merriam-webster.com,(738) 4144077,Male,02-02-2024
Carlina,Jedrzejewicz,320 Old Gate Plaza,Mežica,cjedrzejewicz6q@lycos.com,(409) 8412690,Female,19-05-2023
Sarajane,Pentin,6 Vidon Court,Pamplona/Iruña,spentin6r@thetimes.co.uk,(359) 9482751,Female,15-04-2023
Reamonn,MacGinlay,95 Ridgeway Drive,Działoszyce,rmacginlay6s@feedburner.com,(131) 6181970,Male,26-10-2023
Ky,Troyes,5 Chive Point,Retiro,ktroyes6t@lycos.com,(795) 3803298,Male,15-04-2024
Talia,Pritty,4388 Holy Cross Street,Tarxien,tpritty6u@comcast.net,(771) 7292968,Female,22-03-2023
Laetitia,Gawne,924 Graedel Trail,Liangli,lgawne6v@mtv.com,(224) 7881831,Female,10-02-2024
Nikkie,Lempel,60642 Green Ridge Trail,Novobeysugskaya,nlempel6w@ox.ac.uk,(331) 8525048,Female,02-11-2023
Kerrie,Barg,17430 Lakewood Court,Dikou,kbarg6x@phpbb.com,(740) 6430728,Female,10-07-2023
Chuck,Blumire,252 Morningstar Pass,Tangjiakou,cblumire6y@moonfruit.com,(832) 5535890,Male,02-04-2023
Chrisy,Chamberlin,560 Katie Trail,Piedade,cchamberlin6z@wsj.com,(670) 6320195,Male,28-03-2024
Brewer,Alejandro,162 Schurz Center,Kolondiéba,balejandro70@etsy.com,(940) 2907044,Male,30-01-2024
Lonnie,Trudgion,0 Ohio Point,Zhuping,ltrudgion71@fc2.com,(907) 4171704,Female,10-09-2023
Hayyim,Allibone,1 Village Terrace,Duishan,hallibone72@nih.gov,(124) 2925012,Male,10-02-2023
Jenna,Rohloff,,Wonosobo,jrohloff73@blinklist.com,(539) 1904793,Female,08-03-2024
Devinne,Feather,3 Kim Plaza,Fkih Ben Salah,dfeather74@bloglovin.com,(321) 7536759,Female,17-10-2023
Libbi,Hurll,3 Kensington Avenue,San José del Guaviare,lhurll75@qq.com,(873) 6012093,Female,03-04-2023
Wiatt,Kitteringham,07139 Stephen Terrace,Krajan Rowokangkung,wkitteringham76@usnews.com,(346) 2477447,Male,11-10-2023
Edmund,Goering,05 Huxley Terrace,Sirdaryo,egoering77@unicef.org,(160) 6682206,Male,25-08-2023
Odessa,Dudney,00395 Lillian Trail,Los Ángeles,odudney78@etsy.com,(347) 2310257,Female,02-06-2023
Brynna,Czajka,986 2nd Circle,,bczajka79@freewebs.com,(233) 6423895,Female,10-11-2023
Shawn,Downey,10955 Merry Point,Gejiu,sdowney7a@tiny.cc,(764) 4339046,Female,01-08-2023
Nikolos,Mapstone,60061 Corry Parkway,Bello,nmapstone7b@mapquest.com,(493) 7139635,Male,18-11-2023
Hollyanne,Pennigar,,Belford Roxo,hpennigar7c@gmpg.org,(174) 7334269,Female,01-06-2023
Jenelle,Treske,142 International Road,Dubreuil,jtreske7d@techcrunch.com,(675) 3733427,Female,06-07-2023
Tabby,Dancer,29599 Northridge Trail,Watubura,,(151) 1785194,Female,24-02-2023
Ailsun,Chesterman,798 Longview Point,Fundong,achesterman7f@bigcartel.com,(688) 6550290,Female,21-08-2023
Kerby,Dugget,6834 Shopko Junction,,,(796) 3512719,Male,29-11-2023
Phyllys,Babon,164 Twin Pines Court,Olivia,,(472) 9280503,Female,20-10-2023
Siward,Harbin,8 Grover Court,Dolní Lhota,sharbin7i@creativecommons.org,(778) 9554841,Male,30-04-2024
Gorden,Karpenko,8750 Ronald Regan Plaza,Qingshi,gkarpenko7j@twitpic.com,(805) 4620934,Male,07-03-2024
Corrianne,Tomalin,9628 Heath Avenue,Parczew,ctomalin7k@narod.ru,(154) 5619268,Female,03-05-2023
Leonardo,Liger,3 Sloan Alley,Komiža,lliger7l@go.com,(591) 7382632,Male,13-04-2023
Rickey,Bowry,1 Bultman Court,Adstock,rbowry7m@google.com.hk,(963) 1802829,Male,15-11-2023
Minnaminnie,Annwyl,53 Burning Wood Circle,Krasni Okny,mannwyl7n@linkedin.com,(974) 7015317,Female,26-03-2024
Charisse,Flatte,14 Towne Terrace,Paritaman,cflatte7o@shinystat.com,(564) 2568615,Female,27-01-2024
Engracia,Dederich,52902 Killdeer Court,Lefkímmi,edederich7p@clickbank.net,(446) 1792289,Female,18-02-2023
Raffarty,Rootham,915 Kropf Crossing,Dadong,rrootham7q@xinhuanet.com,(528) 2440915,Male,26-04-2024
Jordan,Navaro,9336 Mockingbird Plaza,,jnavaro7r@prweb.com,(249) 5696666,Male,22-01-2024
Quintana,Silburn,9 Manufacturers Plaza,Rancagadog,qsilburn7s@dagondesign.com,(118) 3054715,Female,12-02-2023
Annette,Bernardoni,8328 Acker Avenue,Jiajiaying,abernardoni7t@tripadvisor.com,(199) 2644214,Female,26-01-2023
Tucky,Sapseed,9 Oakridge Road,Sāh,tsapseed7u@gravatar.com,(570) 7082261,Male,19-09-2023
Raymund,Falls,13 Mccormick Avenue,Inari,rfalls7v@army.mil,(385) 4369382,Male,21-07-2023
Danita,Woan,12876 Sutteridge Pass,Karlstad,dwoan7w@blogger.com,(304) 7671165,Female,31-03-2024
Garvy,Hemphrey,38100 Merry Street,Oslo,ghemphrey7x@yellowbook.com,(510) 5430023,Male,12-03-2024
Alphard,Preddy,596 Surrey Center,Ulan Us,apreddy7y@meetup.com,(474) 7059775,Male,26-05-2023
Marga,Gerb,2 Pearson Drive,Munkedal,mgerb7z@woothemes.com,(595) 9196564,Female,24-10-2023
Dulcia,Downie,70 Fulton Street,Pridonskoy,ddownie80@hubpages.com,(221) 9958385,Female,04-03-2024
Jorge,Conerding,345 Forest Dale Crossing,Dagu,jconerding81@arstechnica.com,(833) 6444560,Male,25-03-2024
Hussein,Bradtke,28 Southridge Place,Saint-Jérôme,hbradtke82@pen.io,(825) 4464375,Male,18-11-2023
Nichols,Daymont,4 Lien Center,Hyères,ndaymont83@cbslocal.com,(940) 6034382,Male,28-10-2023
Linnea,Von Brook,86 Welch Lane,Huanghua,lvonbrook84@nyu.edu,(962) 2578443,Female,22-01-2024
Ezekiel,Hubatsch,2 Northview Junction,Alibunan,ehubatsch85@irs.gov,(694) 3204299,Male,18-01-2023
Orran,Safont,1 Express Point,Kunduz,osafont86@abc.net.au,(971) 3450136,Male,02-02-2023
Adelbert,Claisse,634 Alpine Lane,Brnaze,aclaisse87@list-manage.com,(837) 2057562,Male,28-12-2023
Anton,Bryant,0044 Ridgeway Drive,Pakisrejo,abryant88@marriott.com,(953) 3530188,Male,14-03-2024
Zita,Rijkeseis,73 Delaware Park,Dublin,zrijkeseis89@cdc.gov,(790) 7530620,Female,09-07-2023
Lily,Winterflood,979 Corben Avenue,Kayan,lwinterflood8a@bing.com,(185) 1395749,Female,25-03-2023
Nicolette,Trussell,7 West Parkway,Pampa del Infierno,ntrussell8b@epa.gov,(419) 3586242,Female,12-04-2023
